[{"id":"user-image-cutepfp.jpg","publicUrl":"https://assets.nicepagecdn.com/11aa110a/6244318/images/cutepfp.jpg","size":53324,"hash":"oObER9PXnvK48leHDniEOJ6LA+E=","fileName":"cutepfp.jpg","name":"cutepfp","width":565,"height":565,"folderId":null,"usages":["1943811856"],"thumbnail":{"url":"https://assets.nicepagecdn.com/11aa110a/6244318/images/cutepfp.jpg","width":565,"height":565}},{"id":"user-image-545682.png","publicUrl":"https://assets.nicepagecdn.com/11aa110a/6244318/images/545682.png","size":755,"hash":"Ix3+IQY86UX/E6fyn9I01vpWCNQ=","fileName":"545682.png","name":"545682","width":128,"height":128,"folderId":null,"originalUrl":"//images01.nicepage.com/a1389d7bc73adea1e1c1fb7e/ac179b0d2c1f5fd39f381b5a/545682.png","usages":["960600455","34514463"],"thumbnail":{"url":"https://assets.nicepagecdn.com/11aa110a/6244318/images/545682.png","width":128,"height":128}},{"id":"user-image-pexels-photo.jpg","publicUrl":"https://assets.nicepagecdn.com/11aa110a/6244318/images/pexels-photo.jpg","size":466788,"hash":"1kB4DFoeDMXpPQBnhdFWykrr0io=","fileName":"pexels-photo.jpg","name":"pexels-photo","width":2250,"height":1500,"folderId":null,"originalUrl":"//images03.nicepage.com/a1389d7bc73adea1e1c1fb7e/fc89b844284d5637a28e7c03/pexels-photo.jpg","usages":["960600455","34514463"],"thumbnail":{"url":"https://assets.nicepagecdn.com/11aa110a/6244318/images/pexels-photo.jpg","width":2250,"height":1500}},{"id":"user-image-pexels-photo-936722.jpeg","publicUrl":"https://assets.nicepagecdn.com/11aa110a/6244318/images/pexels-photo-936722.jpeg","size":434970,"hash":"bbrah5+PwyAjA26sd5kZAl/H9Os=","fileName":"pexels-photo-936722.jpeg","name":"pexels-photo-936722","width":2250,"height":1500,"folderId":null,"originalUrl":"//images03.nicepage.com/a1389d7bc73adea1e1c1fb7e/e1d4331660ac5bae8cd1a0aa/pexels-photo-936722.jpeg","usages":["960600455","34514463"],"thumbnail":{"url":"https://assets.nicepagecdn.com/11aa110a/6244318/images/pexels-photo-936722.jpeg","width":2250,"height":1500}},{"id":"user-image-pexels-photo-830891.jpeg","publicUrl":"https://assets.nicepagecdn.com/11aa110a/6244318/images/pexels-photo-830891.jpeg","size":684063,"hash":"EXEpCn0XPO3PVD1ie3yll2dLUPA=","fileName":"pexels-photo-830891.jpeg","name":"pexels-photo-830891","width":2253,"height":1500,"folderId":null,"originalUrl":"//images03.nicepage.com/a1389d7bc73adea1e1c1fb7e/a55a5c3c87715e67960d6c62/pexels-photo-830891.jpeg","usages":["960600455","34514463"],"thumbnail":{"url":"https://assets.nicepagecdn.com/11aa110a/6244318/images/pexels-photo-830891.jpeg","width":2253,"height":1500}},{"id":"user-image-pexelsphoto2568025.jpeg","publicUrl":"https://assets.nicepagecdn.com/11aa110a/6244318/images/pexelsphoto2568025.jpeg","size":206224,"hash":"efHhsG3WM7vWHWaFuEaRo/3DW8I=","fileName":"pexelsphoto2568025.jpeg","name":"pexelsphoto2568025","width":1125,"height":1500,"folderId":null,"originalUrl":"//images03.nicepage.com/a1389d7bc73adea1e1c1fb7e/3e62ea97e6bc590db1ebf465/pexelsphoto2568025.jpeg","usages":["960600455","34514463"],"thumbnail":{"url":"https://assets.nicepagecdn.com/11aa110a/6244318/images/pexelsphoto2568025.jpeg","width":1125,"height":1500}},{"id":"user-image-pexels-photo-258160.jpeg","publicUrl":"https://assets.nicepagecdn.com/11aa110a/6244318/images/pexels-photo-258160.jpeg","size":207118,"hash":"OE/6ZK/pU3FRVTp9j4ny5wUqTpA=","fileName":"pexels-photo-258160.jpeg","name":"pexels-photo-258160","width":2000,"height":1500,"folderId":null,"originalUrl":"//images03.nicepage.com/a1389d7bc73adea1e1c1fb7e/b3802ffa33fe540baac0c473/pexels-photo-258160.jpeg","usages":["960600455","34514463"],"thumbnail":{"url":"https://assets.nicepagecdn.com/11aa110a/6244318/images/pexels-photo-258160.jpeg","width":2000,"height":1500}},{"id":"user-image-pexels-photo-1769369.jpeg","publicUrl":"https://assets.nicepagecdn.com/11aa110a/6244318/images/pexels-photo-1769369.jpeg","size":352046,"hash":"8ZLr4bqSmKNy1WiQPRY3zykvyu4=","fileName":"pexels-photo-1769369.jpeg","name":"pexels-photo-1769369","width":1200,"height":1500,"folderId":null,"originalUrl":"//images03.nicepage.com/a1389d7bc73adea1e1c1fb7e/c91d71093cad51658063c101/pexels-photo-1769369.jpeg","usages":["960600455","34514463"],"thumbnail":{"url":"https://assets.nicepagecdn.com/11aa110a/6244318/images/pexels-photo-1769369.jpeg","width":1200,"height":1500}},{"id":"user-image-pexels-photo-532568.jpeg","publicUrl":"https://assets.nicepagecdn.com/11aa110a/6244318/images/pexels-photo-532568.jpeg","size":145015,"hash":"MA25FIXwW4M+sTaWjbl2L6TT/0I=","fileName":"pexels-photo-532568.jpeg","name":"pexels-photo-532568","width":2250,"height":1500,"folderId":null,"originalUrl":"//images03.nicepage.com/a1389d7bc73adea1e1c1fb7e/eb4ae9449cf05b3ea86060cf/pexels-photo-532568.jpeg","usages":["960600455","34514463"],"thumbnail":{"url":"https://assets.nicepagecdn.com/11aa110a/6244318/images/pexels-photo-532568.jpeg","width":2250,"height":1500}},{"id":"user-image-pexels-photo-2078774.jpeg","publicUrl":"https://assets.nicepagecdn.com/11aa110a/6244318/images/pexels-photo-2078774.jpeg","size":115066,"hash":"VRUig6W62C1mltR+BcsEaa6k9Yc=","fileName":"pexels-photo-2078774.jpeg","name":"pexels-photo-2078774","width":1125,"height":1500,"folderId":null,"originalUrl":"//images03.nicepage.com/a1389d7bc73adea1e1c1fb7e/b3bed2a454b056bd97227ffd/pexels-photo-2078774.jpeg","usages":["960600455","34514463"],"thumbnail":{"url":"https://assets.nicepagecdn.com/11aa110a/6244318/images/pexels-photo-2078774.jpeg","width":1125,"height":1500}},{"id":"user-image-pexels-photo-3914752.jpeg","publicUrl":"https://assets.nicepagecdn.com/11aa110a/6244318/images/pexels-photo-3914752.jpeg","size":71963,"hash":"8XC7NUiy43zsdl2n+2sb3isLOw0=","fileName":"pexels-photo-3914752.jpeg","name":"pexels-photo-3914752","width":864,"height":1080,"folderId":null,"originalUrl":"//images02.nicepage.com/a1389d7bc73adea1e1c1fb7e/4182ebc926ca5e378edae974/pexels-photo-3914752.jpeg?version=","usages":["960600455","34514463"],"thumbnail":{"url":"https://assets.nicepagecdn.com/11aa110a/6244318/images/pexels-photo-3914752.jpeg","width":864,"height":1080}},{"id":"user-image-pexels-photo-7911758.jpeg","publicUrl":"https://assets.nicepagecdn.com/11aa110a/6244318/images/pexels-photo-7911758.jpeg","size":34127,"hash":"H1cY0UKAngAc7kbm8uTz8PORT/I=","fileName":"pexels-photo-7911758.jpeg","name":"pexels-photo-7911758","width":1500,"height":1500,"folderId":null,"originalUrl":"//images01.nicepage.com/a1389d7bc73adea1e1c1fb7e/122e016aca365586ae3fbb51/pexels-photo-7911758.jpeg","usages":["960600455","34514463"],"thumbnail":{"url":"https://assets.nicepagecdn.com/11aa110a/6244318/images/pexels-photo-7911758.jpeg","width":1500,"height":1500}},{"id":"user-image-pexels-photo-2400547.jpeg","publicUrl":"https://assets.nicepagecdn.com/11aa110a/6244318/images/pexels-photo-2400547.jpeg","size":47835,"hash":"uu0jF5P/HmHpU0hogh5e9EeyHIw=","fileName":"pexels-photo-2400547.jpeg","name":"pexels-photo-2400547","width":600,"height":750,"folderId":null,"originalUrl":"//images01.nicepage.com/a1389d7bc73adea1e1c1fb7e/3fbdd4670aaa5744b0b1da4e/pexels-photo-2400547.jpeg","usages":["960600455","34514463"],"thumbnail":{"url":"https://assets.nicepagecdn.com/11aa110a/6244318/images/pexels-photo-2400547.jpeg","width":600,"height":750}},{"id":"user-image-pexels-photo-3277468.jpeg","publicUrl":"https://assets.nicepagecdn.com/11aa110a/6244318/images/pexels-photo-3277468.jpeg","size":170400,"hash":"Vzur65uFeYndFl1Jf3uEJApkZBE=","fileName":"pexels-photo-3277468.jpeg","name":"pexels-photo-3277468","width":810,"height":1080,"folderId":null,"originalUrl":"//images01.nicepage.com/a1389d7bc73adea1e1c1fb7e/eec544a86c9954949f50e530/pexels-photo-3277468.jpeg","usages":["960600455","34514463"],"thumbnail":{"url":"https://assets.nicepagecdn.com/11aa110a/6244318/images/pexels-photo-3277468.jpeg","width":810,"height":1080}},{"id":"user-image-pexels-photo-273209.jpeg","publicUrl":"https://assets.nicepagecdn.com/11aa110a/6244318/images/pexels-photo-273209.jpeg","size":205685,"hash":"CKIS+fGn4Ep/2rzdrz7QdWGOGBs=","fileName":"pexels-photo-273209.jpeg","name":"pexels-photo-273209","width":1620,"height":1080,"folderId":null,"originalUrl":"//images01.nicepage.com/a1389d7bc73adea1e1c1fb7e/468172906cfa52d09058ab71/pexels-photo-273209.jpeg","usages":["960600455","34514463"],"thumbnail":{"url":"https://assets.nicepagecdn.com/11aa110a/6244318/images/pexels-photo-273209.jpeg","width":1620,"height":1080}},{"id":"user-image-pexels-photo-2628393.jpeg","publicUrl":"https://assets.nicepagecdn.com/11aa110a/6244318/images/pexels-photo-2628393.jpeg","size":40930,"hash":"27LWC/BikWdApjZ9dEZ3PblLdTo=","fileName":"pexels-photo-2628393.jpeg","name":"pexels-photo-2628393","width":500,"height":750,"folderId":null,"originalUrl":"//images01.nicepage.com/a1389d7bc73adea1e1c1fb7e/5422e35a2a6a5324b12925bc/pexels-photo-2628393.jpeg","usages":["960600455","34514463"],"thumbnail":{"url":"https://assets.nicepagecdn.com/11aa110a/6244318/images/pexels-photo-2628393.jpeg","width":500,"height":750}},{"id":"user-image-pexels-photo-3735354.jpeg","publicUrl":"https://assets.nicepagecdn.com/11aa110a/6244318/images/pexels-photo-3735354.jpeg","size":67225,"hash":"9iXwnduRo2R5Q2u1LW/Keh7Z8JU=","fileName":"pexels-photo-3735354.jpeg","name":"pexels-photo-3735354","width":720,"height":1080,"folderId":null,"originalUrl":"//images01.nicepage.com/a1389d7bc73adea1e1c1fb7e/8c8554d7cf235632bf2f9e8c/pexels-photo-3735354.jpeg","usages":["960600455","34514463"],"thumbnail":{"url":"https://assets.nicepagecdn.com/11aa110a/6244318/images/pexels-photo-3735354.jpeg","width":720,"height":1080}},{"id":"user-image-1384031.png","publicUrl":"https://assets.nicepagecdn.com/11aa110a/6244318/images/1384031.png","size":3714,"hash":"nZpf0VwBoyj2KZ14W22t7dMPwk4=","fileName":"1384031.png","name":"1384031","width":128,"height":128,"folderId":null,"originalUrl":"//images01.nicepagecdn.com/a1389d7bc73adea1e1c1fb7e/b71addf2caa45278b2f38b71/1384031.png","usages":["1943811856"],"thumbnail":{"url":"https://assets.nicepagecdn.com/11aa110a/6244318/images/1384031.png","width":128,"height":128}},{"id":"user-image-pretty-smiling-joyfully-female-with-fair-hair-dressed-casually-looking-with-satisfaction_176420-15187.jpg","publicUrl":"https://assets.nicepagecdn.com/11aa110a/6244318/images/pretty-smiling-joyfully-female-with-fair-hair-dressed-casually-looking-with-satisfaction_176420-15187.jpg","size":41342,"hash":"XUMO3dduxScl7ovT7bx1vjTdLhQ=","fileName":"pretty-smiling-joyfully-female-with-fair-hair-dressed-casually-looking-with-satisfaction_176420-15187.jpg","name":"pretty-smiling-joyfully-female-with-fair-hair-dressed-casually-looking-with-satisfaction_176420-15187","width":626,"height":417,"folderId":null,"originalUrl":"//images01.nicepagecdn.com/c461c07a441a5d220e8feb1a/bb4a3324cba15018a0c8e5ad/pretty-smiling-joyfully-female-with-fair-hair-dressed-casually-looking-with-satisfaction_176420-15187.jpg?version=","usages":["1943811856"],"thumbnail":{"url":"https://assets.nicepagecdn.com/11aa110a/6244318/images/pretty-smiling-joyfully-female-with-fair-hair-dressed-casually-looking-with-satisfaction_176420-15187.jpg","width":626,"height":417}},{"id":"user-image-ddddddd.jpg","publicUrl":"https://assets.nicepagecdn.com/11aa110a/6244318/images/ddddddd.jpg","size":32911,"hash":"t8rnKs2OY7liyohJbfdVXLYRBFY=","fileName":"ddddddd.jpg","name":"ddddddd","width":626,"height":417,"folderId":null,"originalUrl":"//images01.nicepagecdn.com/c461c07a441a5d220e8feb1a/2d3e149e710d5030b9e36a55/ddddddd.jpg?version=","usages":["1943811856"],"thumbnail":{"url":"https://assets.nicepagecdn.com/11aa110a/6244318/images/ddddddd.jpg","width":626,"height":417}},{"id":"user-image-164453157-02.jpeg","publicUrl":"https://assets.nicepagecdn.com/11aa110a/6244318/images/164453157-02.jpeg","size":312427,"hash":"UReGKAeFa8PdDENnE8laT/XBzIw=","fileName":"164453157-02.jpeg","name":"164453157-02","width":1568,"height":1000,"folderId":null,"usages":["164453157"],"thumbnail":{"url":"https://assets.nicepagecdn.com/11aa110a/6244318/images/164453157-02.jpeg","width":1568,"height":1000}},{"id":"user-image-164453157-01.jpeg","publicUrl":"https://assets.nicepagecdn.com/11aa110a/6244318/images/164453157-01.jpeg","size":789997,"hash":"cQ/veG4ZlmwSYc///R1KDOHKQOo=","fileName":"164453157-01.jpeg","name":"164453157-01","width":1776,"height":1000,"folderId":null,"usages":["164453157"],"thumbnail":{"url":"https://assets.nicepagecdn.com/11aa110a/6244318/images/164453157-01.jpeg","width":1776,"height":1000}},{"id":"user-image-164453157-0.jpeg","publicUrl":"https://assets.nicepagecdn.com/11aa110a/6244318/images/164453157-0.jpeg","size":600764,"hash":"vh0RE2l/lWk8NoHyr5yv/r2W/5o=","fileName":"164453157-0.jpeg","name":"164453157-0","width":2000,"height":1000,"folderId":null,"usages":["164453157"],"thumbnail":{"url":"https://assets.nicepagecdn.com/11aa110a/6244318/images/164453157-0.jpeg","width":2000,"height":1000}},{"id":"user-image-b4f60df5-647e-b99f-a687-ec47c26aa869.jpg","publicUrl":"https://assets.nicepagecdn.com/11aa110a/6244318/images/b4f60df5-647e-b99f-a687-ec47c26aa869.jpg","size":143944,"hash":"MYuDu3gRrLR4OY851eD6vhTXjDA=","fileName":"b4f60df5-647e-b99f-a687-ec47c26aa869.jpg","name":"b4f60df5-647e-b99f-a687-ec47c26aa869","width":1200,"height":959,"folderId":null,"originalUrl":"//images01.nicepage.com/c461c07a441a5d220e8feb1a/248f288b31f35a72ba5bf92f/b4f60df5-647e-b99f-a687-ec47c26aa869.jpg","usages":["211361652"],"thumbnail":{"url":"https://assets.nicepagecdn.com/11aa110a/6244318/images/b4f60df5-647e-b99f-a687-ec47c26aa869.jpg","width":1200,"height":959}},{"id":"user-image-gffgfg-min.jpg","publicUrl":"https://assets.nicepagecdn.com/11aa110a/6244318/images/gffgfg-min.jpg","size":67129,"hash":"gBUdAm7e2Y9mnaf8zN22wr6uWY4=","fileName":"gffgfg-min.jpg","name":"gffgfg-min","width":1200,"height":1233,"folderId":null,"originalUrl":"//images01.nicepage.com/c461c07a441a5d220e8feb1a/4748304f03e25ca19f35ad7e/gffgfg-min.jpg","usages":["211361652"],"thumbnail":{"url":"https://assets.nicepagecdn.com/11aa110a/6244318/images/gffgfg-min.jpg","width":1200,"height":1233}},{"id":"user-image-1055-Converted.jpg","publicUrl":"https://assets.nicepagecdn.com/11aa110a/6244318/images/1055-Converted.jpg","size":309494,"hash":"3bt6pe27YIU4TGHauxmv8KiEISQ=","fileName":"1055-Converted.jpg","name":"1055-Converted","width":1980,"height":1320,"folderId":null,"originalUrl":"//images01.nicepage.com/c461c07a441a5d220e8feb1a/36ce725bf40750538513d5d5/1055-Converted.jpg","usages":["211361652"],"thumbnail":{"url":"https://assets.nicepagecdn.com/11aa110a/6244318/images/1055-Converted.jpg","width":1980,"height":1320}},{"id":"user-image-xsx.jpg","publicUrl":"https://assets.nicepagecdn.com/11aa110a/6244318/images/xsx.jpg","size":171944,"hash":"d82MYqeCMJuYo71srnbB4SP16Rw=","fileName":"xsx.jpg","name":"xsx","width":1600,"height":1000,"folderId":null,"originalUrl":"//images01.nicepage.com/c461c07a441a5d220e8feb1a/ba700446f731553797874739/xsx.jpg","usages":["211361652"],"thumbnail":{"url":"https://assets.nicepagecdn.com/11aa110a/6244318/images/xsx.jpg","width":1600,"height":1000}},{"id":"user-image-1.jpg","publicUrl":"https://assets.nicepagecdn.com/11aa110a/6244318/images/1.jpg","size":132622,"hash":"aGklPg4f76QKPrBeWV1nUamuPM4=","fileName":"1.jpg","name":"1","width":900,"height":878,"folderId":null,"originalUrl":"//images01.nicepage.com/c461c07a441a5d220e8feb1a/c3664c7c1ef45e43bcdeaef8/1.jpg","usages":["211361652"],"thumbnail":{"url":"https://assets.nicepagecdn.com/11aa110a/6244318/images/1.jpg","width":900,"height":878}},{"id":"user-image-2.jpg","publicUrl":"https://assets.nicepagecdn.com/11aa110a/6244318/images/2.jpg","size":152693,"hash":"khqMyBtjdvOSL91hK8a2/GTXWdU=","fileName":"2.jpg","name":"2","width":900,"height":878,"folderId":null,"originalUrl":"//images01.nicepage.com/c461c07a441a5d220e8feb1a/c9800c0d1fa5538ab471fedd/2.jpg","usages":["211361652"],"thumbnail":{"url":"https://assets.nicepagecdn.com/11aa110a/6244318/images/2.jpg","width":900,"height":878}},{"id":"user-image-3.jpg","publicUrl":"https://assets.nicepagecdn.com/11aa110a/6244318/images/3.jpg","size":114387,"hash":"UT22Z/+QsORT6nf4MvrbIxthmyQ=","fileName":"3.jpg","name":"3","width":900,"height":878,"folderId":null,"originalUrl":"//images01.nicepage.com/c461c07a441a5d220e8feb1a/045e8f59a68d57989b61ca43/3.jpg","usages":["211361652"],"thumbnail":{"url":"https://assets.nicepagecdn.com/11aa110a/6244318/images/3.jpg","width":900,"height":878}},{"id":"user-image-dfsfdsf.jpg","publicUrl":"https://assets.nicepagecdn.com/11aa110a/6244318/images/dfsfdsf.jpg","size":156995,"hash":"xB8TxciCm0HfF+7+j/fs9XxLxIo=","fileName":"dfsfdsf.jpg","name":"dfsfdsf","width":1200,"height":900,"folderId":null,"originalUrl":"//images01.nicepage.com/c461c07a441a5d220e8feb1a/1539e189b9d35d88993de88b/dfsfdsf.jpg","usages":["211361652"],"thumbnail":{"url":"https://assets.nicepagecdn.com/11aa110a/6244318/images/dfsfdsf.jpg","width":1200,"height":900}},{"id":"user-image-cc.jpg","publicUrl":"https://assets.nicepagecdn.com/11aa110a/6244318/images/cc.jpg","size":164995,"hash":"hiKm//Xc/pE2JTWktJEFkP2IMrE=","fileName":"cc.jpg","name":"cc","width":800,"height":800,"folderId":null,"originalUrl":"//images01.nicepage.com/c461c07a441a5d220e8feb1a/074a47fbdf415275b1d37b8f/cc.jpg","usages":["164453157"],"thumbnail":{"url":"https://assets.nicepagecdn.com/11aa110a/6244318/images/cc.jpg","width":800,"height":800}},{"id":"user-image-ccccc.jpg","publicUrl":"https://assets.nicepagecdn.com/11aa110a/6244318/images/ccccc.jpg","size":163700,"hash":"qCbjKk2Sxby1jshlGdmK7m40EBU=","fileName":"ccccc.jpg","name":"ccccc","width":1350,"height":900,"folderId":null,"originalUrl":"//images01.nicepage.com/c461c07a441a5d220e8feb1a/97b5d9220e14592a9d2913bd/ccccc.jpg","usages":["164453157"],"thumbnail":{"url":"https://assets.nicepagecdn.com/11aa110a/6244318/images/ccccc.jpg","width":1350,"height":900}},{"id":"user-image-d.jpg","publicUrl":"https://assets.nicepagecdn.com/11aa110a/6244318/images/d.jpg","size":318556,"hash":"lIILrCuRukZvsfi1Qqn0098mp9g=","fileName":"d.jpg","name":"d","width":1200,"height":990,"folderId":null,"originalUrl":"//images01.nicepage.com/c461c07a441a5d220e8feb1a/dfb19e74ff63572ba253f0de/d.jpg","usages":["164453157"],"thumbnail":{"url":"https://assets.nicepagecdn.com/11aa110a/6244318/images/d.jpg","width":1200,"height":990}},{"id":"user-image-woman-wearing-virtual-reality-headset-playing-video-games_53876-98565.jpg","publicUrl":"https://assets.nicepagecdn.com/11aa110a/6244318/images/woman-wearing-virtual-reality-headset-playing-video-games_53876-98565.jpg","size":60608,"hash":"dkQ/6NW4EqCuCoz8EZXwdkk+WCw=","fileName":"woman-wearing-virtual-reality-headset-playing-video-games_53876-98565.jpg","name":"woman-wearing-virtual-reality-headset-playing-video-games_53876-98565","width":626,"height":417,"folderId":null,"originalUrl":"//images01.nicepage.com/c461c07a441a5d220e8feb1a/ff18d6b801af5db89ea707f9/woman-wearing-virtual-reality-headset-playing-video-games_53876-98565.jpg","usages":["164453157"],"thumbnail":{"url":"https://assets.nicepagecdn.com/11aa110a/6244318/images/woman-wearing-virtual-reality-headset-playing-video-games_53876-98565.jpg","width":626,"height":417}},{"id":"user-image-vcvv-min.jpg","publicUrl":"https://assets.nicepagecdn.com/11aa110a/6244318/images/vcvv-min.jpg","size":271871,"hash":"WxT0G8MIhMCS37hITQqYO3IVJKI=","fileName":"vcvv-min.jpg","name":"vcvv-min","width":1980,"height":1114,"folderId":null,"originalUrl":"//images01.nicepage.com/c461c07a441a5d220e8feb1a/506524b5fe295a46bca10adb/vcvv-min.jpg","usages":["164453157"],"thumbnail":{"url":"https://assets.nicepagecdn.com/11aa110a/6244318/images/vcvv-min.jpg","width":1980,"height":1114}},{"id":"user-image-fffffff-min.jpg","publicUrl":"https://assets.nicepagecdn.com/11aa110a/6244318/images/fffffff-min.jpg","size":100110,"hash":"C2aZKYFt1EJN9OrMiThWuy4Epbw=","fileName":"fffffff-min.jpg","name":"fffffff-min","width":1200,"height":800,"folderId":null,"originalUrl":"//images01.nicepage.com/c461c07a441a5d220e8feb1a/291df549081b5ee69c625152/fffffff-min.jpg","usages":["164453157"],"thumbnail":{"url":"https://assets.nicepagecdn.com/11aa110a/6244318/images/fffffff-min.jpg","width":1200,"height":800}}]