[{"id":14966503,"title":"Blog Template","order":1,"templateKey":"blog","customTemplate":false,"customTemplateFilename":null,"pageLinks":["6","5","4"],"dateCreated":"2024-04-17T11:02:51.396Z","dateUpdated":"2024-04-19T14:08:08.870Z","folderId":null,"pageName":"Blog Template","sectionCount":1,"status":2},{"id":172838904,"title":"Post Template","order":2,"templateKey":"post","customTemplate":false,"customTemplateFilename":null,"pageLinks":[],"dateCreated":"2024-04-17T11:02:51.483Z","dateUpdated":"2024-04-19T14:08:53.367Z","folderId":null,"pageName":"Post Template","sectionCount":1,"status":2},{"id":1935119027,"title":"Product List Template","order":3,"templateKey":"products","customTemplate":false,"customTemplateFilename":null,"pageLinks":[],"dateCreated":"2024-04-17T11:02:51.582Z","dateUpdated":"2024-04-17T11:02:52.464Z","folderId":null,"pageName":"Product List Template","sectionCount":1,"status":2},{"id":633429082,"title":"Product Details Template","order":4,"templateKey":"product","customTemplate":false,"customTemplateFilename":null,"pageLinks":[],"dateCreated":"2024-04-17T11:02:51.691Z","dateUpdated":"2024-04-17T11:02:52.464Z","folderId":null,"pageName":"Product Details Template","sectionCount":1,"status":2},{"id":10303595,"title":"Shopping Cart Template","order":5,"templateKey":"cart","customTemplate":false,"customTemplateFilename":null,"pageLinks":[],"dateCreated":"2024-04-17T11:02:51.781Z","dateUpdated":"2024-04-17T11:02:52.464Z","folderId":null,"pageName":"Shopping Cart Template","sectionCount":1,"status":2},{"id":603218043,"title":"Checkout Template","order":6,"templateKey":"checkout","customTemplate":false,"customTemplateFilename":null,"pageLinks":[],"dateCreated":"2024-04-17T11:02:51.953Z","dateUpdated":"2024-04-17T11:02:52.465Z","folderId":null,"pageName":"Checkout Template","sectionCount":1,"status":2},{"id":61877365,"title":"Login Template","order":7,"templateKey":"login","customTemplate":false,"customTemplateFilename":null,"pageLinks":[],"dateCreated":"2024-04-17T11:02:52.039Z","dateUpdated":"2024-04-17T11:02:52.465Z","folderId":null,"pageName":"Login Template","sectionCount":1,"status":2},{"id":196373208,"title":"Page Password Template","order":8,"templateKey":"password","customTemplate":false,"customTemplateFilename":null,"pageLinks":[],"dateCreated":"2024-04-17T11:02:52.095Z","dateUpdated":"2024-04-17T11:02:52.465Z","folderId":null,"pageName":"Page Password Template","sectionCount":1,"status":2},{"id":802404010,"title":"404 Not Found Template","order":9,"templateKey":"404","customTemplate":false,"customTemplateFilename":null,"pageLinks":[],"dateCreated":"2024-04-17T11:02:52.147Z","dateUpdated":"2024-04-17T11:02:52.465Z","folderId":null,"pageName":"404 Not Found Template","sectionCount":1,"status":2},{"id":829719169,"title":"Thank You Page Template","order":10,"templateKey":"ThankYou","customTemplate":false,"customTemplateFilename":null,"pageLinks":[],"dateCreated":"2024-04-17T11:02:52.193Z","dateUpdated":"2024-04-17T11:02:52.465Z","folderId":null,"pageName":"Thank You Page Template","sectionCount":1,"status":2},{"id":164453157,"title":"Home","order":50,"templateKey":null,"customTemplate":false,"customTemplateFilename":null,"pageLinks":["211361652","34514463","960600455"],"dateCreated":"2024-04-17T11:05:36.222Z","dateUpdated":"2024-04-21T18:19:53.942Z","folderId":null,"pageName":"Home_164453157","sectionCount":6,"status":2},{"id":211361652,"title":"DatiGDPR","order":102,"templateKey":null,"customTemplate":false,"customTemplateFilename":null,"pageLinks":[],"dateCreated":"2024-04-17T14:16:27.144Z","dateUpdated":"2024-04-19T14:19:41.506Z","folderId":null,"pageName":"DatiGDPR_211361652","sectionCount":8,"status":2},{"id":1943811856,"title":"Contatti","order":103,"templateKey":null,"customTemplate":false,"customTemplateFilename":null,"pageLinks":[],"dateCreated":"2024-04-18T16:06:48.871Z","dateUpdated":"2024-04-26T13:19:07.235Z","folderId":null,"pageName":"Contatti_1943811856","sectionCount":1,"status":2},{"id":960600455,"title":"UeEng","order":105,"templateKey":null,"customTemplate":false,"customTemplateFilename":null,"pageLinks":[],"dateCreated":"2024-04-19T14:50:10.072Z","dateUpdated":"2024-04-26T14:38:53.836Z","folderId":null,"pageName":"UeEng_960600455","sectionCount":11,"status":2},{"id":34514463,"title":"UeIta","order":106,"templateKey":null,"customTemplate":false,"customTemplateFilename":null,"pageLinks":[],"dateCreated":"2024-04-19T16:37:22.591Z","dateUpdated":"2024-04-19T16:39:43.454Z","folderId":null,"pageName":"UeIta_34514463","sectionCount":9,"status":2}]