[{"id":"user-image-b4f60df5-647e-b99f-a687-ec47c26aa869.jpg","publicUrl":"np://user.desktop.nicepage.com/Site_718105515/images/b4f60df5-647e-b99f-a687-ec47c26aa869.jpg","size":143944,"hash":"MYuDu3gRrLR4OY851eD6vhTXjDA=","fileName":"b4f60df5-647e-b99f-a687-ec47c26aa869.jpg","name":"b4f60df5-647e-b99f-a687-ec47c26aa869","width":1200,"height":959,"thumbnail":{"url":"np://user.desktop.nicepage.com/Site_718105515/images/thumbnails/b4f60df5-647e-b99f-a687-ec47c26aa869.jpg","width":250,"height":200},"folderId":null,"originalUrl":"//images01.nicepage.com/c461c07a441a5d220e8feb1a/248f288b31f35a72ba5bf92f/b4f60df5-647e-b99f-a687-ec47c26aa869.jpg","usages":["211361652"]},{"id":"user-image-gffgfg-min.jpg","publicUrl":"np://user.desktop.nicepage.com/Site_718105515/images/gffgfg-min.jpg","size":67129,"hash":"gBUdAm7e2Y9mnaf8zN22wr6uWY4=","fileName":"gffgfg-min.jpg","name":"gffgfg-min","width":1200,"height":1233,"thumbnail":{"url":"np://user.desktop.nicepage.com/Site_718105515/images/thumbnails/gffgfg-min.jpg","width":243,"height":250},"folderId":null,"originalUrl":"//images01.nicepage.com/c461c07a441a5d220e8feb1a/4748304f03e25ca19f35ad7e/gffgfg-min.jpg","usages":["211361652"]},{"id":"user-image-1055-Converted.jpg","publicUrl":"np://user.desktop.nicepage.com/Site_718105515/images/1055-Converted.jpg","size":309494,"hash":"3bt6pe27YIU4TGHauxmv8KiEISQ=","fileName":"1055-Converted.jpg","name":"1055-Converted","width":1980,"height":1320,"thumbnail":{"url":"np://user.desktop.nicepage.com/Site_718105515/images/thumbnails/1055-Converted.jpg","width":250,"height":167},"folderId":null,"originalUrl":"//images01.nicepage.com/c461c07a441a5d220e8feb1a/36ce725bf40750538513d5d5/1055-Converted.jpg","usages":["211361652"]},{"id":"user-image-xsx.jpg","publicUrl":"np://user.desktop.nicepage.com/Site_718105515/images/xsx.jpg","size":171944,"hash":"d82MYqeCMJuYo71srnbB4SP16Rw=","fileName":"xsx.jpg","name":"xsx","width":1600,"height":1000,"thumbnail":{"url":"np://user.desktop.nicepage.com/Site_718105515/images/thumbnails/xsx.jpg","width":250,"height":156},"folderId":null,"originalUrl":"//images01.nicepage.com/c461c07a441a5d220e8feb1a/ba700446f731553797874739/xsx.jpg","usages":["211361652"]},{"id":"user-image-1.jpg","publicUrl":"np://user.desktop.nicepage.com/Site_718105515/images/1.jpg","size":132622,"hash":"aGklPg4f76QKPrBeWV1nUamuPM4=","fileName":"1.jpg","name":"1","width":900,"height":878,"thumbnail":{"url":"np://user.desktop.nicepage.com/Site_718105515/images/thumbnails/1.jpg","width":250,"height":244},"folderId":null,"originalUrl":"//images01.nicepage.com/c461c07a441a5d220e8feb1a/c3664c7c1ef45e43bcdeaef8/1.jpg","usages":["211361652"]},{"id":"user-image-2.jpg","publicUrl":"np://user.desktop.nicepage.com/Site_718105515/images/2.jpg","size":152693,"hash":"khqMyBtjdvOSL91hK8a2/GTXWdU=","fileName":"2.jpg","name":"2","width":900,"height":878,"thumbnail":{"url":"np://user.desktop.nicepage.com/Site_718105515/images/thumbnails/2.jpg","width":250,"height":244},"folderId":null,"originalUrl":"//images01.nicepage.com/c461c07a441a5d220e8feb1a/c9800c0d1fa5538ab471fedd/2.jpg","usages":["211361652"]},{"id":"user-image-3.jpg","publicUrl":"np://user.desktop.nicepage.com/Site_718105515/images/3.jpg","size":114387,"hash":"UT22Z/+QsORT6nf4MvrbIxthmyQ=","fileName":"3.jpg","name":"3","width":900,"height":878,"thumbnail":{"url":"np://user.desktop.nicepage.com/Site_718105515/images/thumbnails/3.jpg","width":250,"height":244},"folderId":null,"originalUrl":"//images01.nicepage.com/c461c07a441a5d220e8feb1a/045e8f59a68d57989b61ca43/3.jpg","usages":["211361652"]},{"id":"user-image-dfsfdsf.jpg","publicUrl":"np://user.desktop.nicepage.com/Site_718105515/images/dfsfdsf.jpg","size":156995,"hash":"xB8TxciCm0HfF+7+j/fs9XxLxIo=","fileName":"dfsfdsf.jpg","name":"dfsfdsf","width":1200,"height":900,"thumbnail":{"url":"np://user.desktop.nicepage.com/Site_718105515/images/thumbnails/dfsfdsf.jpg","width":250,"height":188},"folderId":null,"originalUrl":"//images01.nicepage.com/c461c07a441a5d220e8feb1a/1539e189b9d35d88993de88b/dfsfdsf.jpg","usages":["211361652"]},{"id":"user-image-gggg-min.jpg","publicUrl":"np://user.desktop.nicepage.com/Site_718105515/images/gggg-min.jpg","size":40966,"hash":"IZsjivpJPesS8YMXUqweR3z3teQ=","fileName":"gggg-min.jpg","name":"gggg-min","width":800,"height":784,"thumbnail":{"url":"np://user.desktop.nicepage.com/Site_718105515/images/thumbnails/gggg-min.jpg","width":250,"height":245},"folderId":null,"originalUrl":"//images01.nicepage.com/c461c07a441a5d220e8feb1a/0aaea178def3575188426175/gggg-min.jpg","usages":["164453157"]},{"id":"user-image-cc.jpg","publicUrl":"np://user.desktop.nicepage.com/Site_718105515/images/cc.jpg","size":164995,"hash":"hiKm//Xc/pE2JTWktJEFkP2IMrE=","fileName":"cc.jpg","name":"cc","width":800,"height":800,"thumbnail":{"url":"np://user.desktop.nicepage.com/Site_718105515/images/thumbnails/cc.jpg","width":250,"height":250},"folderId":null,"originalUrl":"//images01.nicepage.com/c461c07a441a5d220e8feb1a/074a47fbdf415275b1d37b8f/cc.jpg","usages":["164453157"]},{"id":"user-image-ccccc.jpg","publicUrl":"np://user.desktop.nicepage.com/Site_718105515/images/ccccc.jpg","size":163700,"hash":"qCbjKk2Sxby1jshlGdmK7m40EBU=","fileName":"ccccc.jpg","name":"ccccc","width":1350,"height":900,"thumbnail":{"url":"np://user.desktop.nicepage.com/Site_718105515/images/thumbnails/ccccc.jpg","width":250,"height":167},"folderId":null,"originalUrl":"//images01.nicepage.com/c461c07a441a5d220e8feb1a/97b5d9220e14592a9d2913bd/ccccc.jpg","usages":["164453157"]},{"id":"user-image-d.jpg","publicUrl":"np://user.desktop.nicepage.com/Site_718105515/images/d.jpg","size":318556,"hash":"lIILrCuRukZvsfi1Qqn0098mp9g=","fileName":"d.jpg","name":"d","width":1200,"height":990,"thumbnail":{"url":"np://user.desktop.nicepage.com/Site_718105515/images/thumbnails/d.jpg","width":250,"height":206},"folderId":null,"originalUrl":"//images01.nicepage.com/c461c07a441a5d220e8feb1a/dfb19e74ff63572ba253f0de/d.jpg","usages":["164453157"]},{"id":"user-image-woman-wearing-virtual-reality-headset-playing-video-games_53876-98565.jpg","publicUrl":"np://user.desktop.nicepage.com/Site_718105515/images/woman-wearing-virtual-reality-headset-playing-video-games_53876-98565.jpg","size":60608,"hash":"dkQ/6NW4EqCuCoz8EZXwdkk+WCw=","fileName":"woman-wearing-virtual-reality-headset-playing-video-games_53876-98565.jpg","name":"woman-wearing-virtual-reality-headset-playing-video-games_53876-98565","width":626,"height":417,"thumbnail":{"url":"np://user.desktop.nicepage.com/Site_718105515/images/thumbnails/woman-wearing-virtual-reality-headset-playing-video-games_53876-98565.jpg","width":250,"height":167},"folderId":null,"originalUrl":"//images01.nicepage.com/c461c07a441a5d220e8feb1a/ff18d6b801af5db89ea707f9/woman-wearing-virtual-reality-headset-playing-video-games_53876-98565.jpg","usages":["164453157"]},{"id":"user-image-xccx.jpg","publicUrl":"np://user.desktop.nicepage.com/Site_718105515/images/xccx.jpg","size":436405,"hash":"aDKiFOROjyQ/tEYvvJlzWTLsOlc=","fileName":"xccx.jpg","name":"xccx","width":1500,"height":1001,"thumbnail":{"url":"np://user.desktop.nicepage.com/Site_718105515/images/thumbnails/xccx.jpg","width":250,"height":167},"folderId":null,"originalUrl":"//images01.nicepage.com/c461c07a441a5d220e8feb1a/78ca27c68220518c96392973/xccx.jpg","usages":["164453157"]},{"id":"user-image-fffff.jpg","publicUrl":"np://user.desktop.nicepage.com/Site_718105515/images/fffff.jpg","size":149068,"hash":"hyQ5a8A/aMhDkHO6O08VcQ2r4L0=","fileName":"fffff.jpg","name":"fffff","width":1050,"height":700,"thumbnail":{"url":"np://user.desktop.nicepage.com/Site_718105515/images/thumbnails/fffff.jpg","width":250,"height":167},"folderId":null,"originalUrl":"//images01.nicepage.com/c461c07a441a5d220e8feb1a/d5bb147d5bde5a67bcbcf3dd/fffff.jpg","usages":["164453157"]},{"id":"user-image-vcvv-min.jpg","publicUrl":"np://user.desktop.nicepage.com/Site_718105515/images/vcvv-min.jpg","size":271871,"hash":"WxT0G8MIhMCS37hITQqYO3IVJKI=","fileName":"vcvv-min.jpg","name":"vcvv-min","width":1980,"height":1114,"thumbnail":{"url":"np://user.desktop.nicepage.com/Site_718105515/images/thumbnails/vcvv-min.jpg","width":250,"height":141},"folderId":null,"originalUrl":"//images01.nicepage.com/c461c07a441a5d220e8feb1a/506524b5fe295a46bca10adb/vcvv-min.jpg","usages":["164453157"]},{"id":"user-image-fffffff-min.jpg","publicUrl":"np://user.desktop.nicepage.com/Site_718105515/images/fffffff-min.jpg","size":100110,"hash":"C2aZKYFt1EJN9OrMiThWuy4Epbw=","fileName":"fffffff-min.jpg","name":"fffffff-min","width":1200,"height":800,"thumbnail":{"url":"np://user.desktop.nicepage.com/Site_718105515/images/thumbnails/fffffff-min.jpg","width":250,"height":167},"folderId":null,"originalUrl":"//images01.nicepage.com/c461c07a441a5d220e8feb1a/291df549081b5ee69c625152/fffffff-min.jpg","usages":["164453157"]},{"id":"user-image-close-up-guy-holding-controller_23-2148243619.jpg","publicUrl":"np://user.desktop.nicepage.com/Site_718105515/images/close-up-guy-holding-controller_23-2148243619.jpg","size":46897,"hash":"o0HkLEf4dOgX4hgU49v0P2A/tKU=","fileName":"close-up-guy-holding-controller_23-2148243619.jpg","name":"close-up-guy-holding-controller_23-2148243619","width":626,"height":417,"thumbnail":{"url":"np://user.desktop.nicepage.com/Site_718105515/images/thumbnails/close-up-guy-holding-controller_23-2148243619.jpg","width":250,"height":167},"folderId":null,"originalUrl":"//images01.nicepage.com/c461c07a441a5d220e8feb1a/965c9d91f1a65635b869d281/close-up-guy-holding-controller_23-2148243619.jpg","usages":["164453157"]}]