[{"id":14966503,"title":"Blog Template","order":1,"templateKey":"blog","customTemplate":false,"customTemplateFilename":null,"pageLinks":[],"dateCreated":"2024-04-17T11:02:51.396Z","dateUpdated":"2024-04-17T11:02:52.464Z","folderId":null,"pageName":"Blog Template","serverPageId":null,"sectionCount":1,"status":2,"backwardUrl":null},{"id":172838904,"title":"Post Template","order":2,"templateKey":"post","customTemplate":false,"customTemplateFilename":null,"pageLinks":[],"dateCreated":"2024-04-17T11:02:51.483Z","dateUpdated":"2024-04-17T11:02:52.464Z","folderId":null,"pageName":"Post Template","serverPageId":null,"sectionCount":1,"status":2,"backwardUrl":null},{"id":1935119027,"title":"Product List Template","order":3,"templateKey":"products","customTemplate":false,"customTemplateFilename":null,"pageLinks":[],"dateCreated":"2024-04-17T11:02:51.582Z","dateUpdated":"2024-04-17T11:02:52.464Z","folderId":null,"pageName":"Product List Template","serverPageId":null,"sectionCount":1,"status":2,"backwardUrl":null},{"id":633429082,"title":"Product Details Template","order":4,"templateKey":"product","customTemplate":false,"customTemplateFilename":null,"pageLinks":[],"dateCreated":"2024-04-17T11:02:51.691Z","dateUpdated":"2024-04-17T11:02:52.464Z","folderId":null,"pageName":"Product Details Template","serverPageId":null,"sectionCount":1,"status":2,"backwardUrl":null},{"id":10303595,"title":"Shopping Cart Template","order":5,"templateKey":"cart","customTemplate":false,"customTemplateFilename":null,"pageLinks":[],"dateCreated":"2024-04-17T11:02:51.781Z","dateUpdated":"2024-04-17T11:02:52.464Z","folderId":null,"pageName":"Shopping Cart Template","serverPageId":null,"sectionCount":1,"status":2,"backwardUrl":null},{"id":603218043,"title":"Checkout Template","order":6,"templateKey":"checkout","customTemplate":false,"customTemplateFilename":null,"pageLinks":[],"dateCreated":"2024-04-17T11:02:51.953Z","dateUpdated":"2024-04-17T11:02:52.465Z","folderId":null,"pageName":"Checkout Template","serverPageId":null,"sectionCount":1,"status":2,"backwardUrl":null},{"id":61877365,"title":"Login Template","order":7,"templateKey":"login","customTemplate":false,"customTemplateFilename":null,"pageLinks":[],"dateCreated":"2024-04-17T11:02:52.039Z","dateUpdated":"2024-04-17T11:02:52.465Z","folderId":null,"pageName":"Login Template","serverPageId":null,"sectionCount":1,"status":2,"backwardUrl":null},{"id":196373208,"title":"Page Password Template","order":8,"templateKey":"password","customTemplate":false,"customTemplateFilename":null,"pageLinks":[],"dateCreated":"2024-04-17T11:02:52.095Z","dateUpdated":"2024-04-17T11:02:52.465Z","folderId":null,"pageName":"Page Password Template","serverPageId":null,"sectionCount":1,"status":2,"backwardUrl":null},{"id":802404010,"title":"404 Not Found Template","order":9,"templateKey":"404","customTemplate":false,"customTemplateFilename":null,"pageLinks":[],"dateCreated":"2024-04-17T11:02:52.147Z","dateUpdated":"2024-04-17T11:02:52.465Z","folderId":null,"pageName":"404 Not Found Template","serverPageId":null,"sectionCount":1,"status":2,"backwardUrl":null},{"id":829719169,"title":"Thank You Page Template","order":10,"templateKey":"ThankYou","customTemplate":false,"customTemplateFilename":null,"pageLinks":[],"dateCreated":"2024-04-17T11:02:52.193Z","dateUpdated":"2024-04-17T11:02:52.465Z","folderId":null,"pageName":"Thank You Page Template","serverPageId":null,"sectionCount":1,"status":2,"backwardUrl":null},{"id":164453157,"title":"Home","order":50,"templateKey":null,"customTemplate":false,"customTemplateFilename":null,"pageLinks":["211361652"],"dateCreated":"2024-04-17T11:05:36.222Z","dateUpdated":"2024-04-17T14:19:49.007Z","folderId":null,"pageName":"Home_164453157","serverPageId":null,"sectionCount":7,"status":2,"backwardUrl":null},{"id":17595616,"title":"Informazioni su","order":100,"templateKey":null,"customTemplate":false,"customTemplateFilename":null,"pageLinks":[],"dateCreated":"2024-04-17T11:02:52.229Z","dateUpdated":"2024-04-17T11:02:52.465Z","folderId":null,"pageName":"Informazioni su_17595616","serverPageId":null,"sectionCount":1,"status":2,"backwardUrl":null},{"id":87302346,"title":"Contatti","order":101,"templateKey":null,"customTemplate":false,"customTemplateFilename":null,"pageLinks":[],"dateCreated":"2024-04-17T11:02:52.259Z","dateUpdated":"2024-04-17T11:02:52.465Z","folderId":null,"pageName":"Contatti_87302346","serverPageId":null,"sectionCount":1,"status":2,"backwardUrl":null},{"id":211361652,"title":"DatiGDPR","order":102,"templateKey":null,"customTemplate":false,"customTemplateFilename":null,"pageLinks":[],"dateCreated":"2024-04-17T14:16:27.144Z","dateUpdated":"2024-04-17T14:17:25.743Z","folderId":null,"pageName":"DatiGDPR_211361652","serverPageId":null,"sectionCount":8,"status":2,"backwardUrl":null}]